ID,Age
1,49
2,32
3,12
4,35
5,28
6,38
7,34
8,12
9,31
10,17
11,60
12,59
13,36
14,47
15,12
16,20
17,44
18,35
19,62
20,58
21,13
22,41
23,18
24,38
25,35
26,42
27,25
28,19
29,37
30,60
31,27
32,14
33,61
34,57
35,42
36,36
37,24
38,13
39,32
40,41
41,39
42,37
43,54
44,25
45,43
46,39
47,61
48,54
49,34
50,63
51,60
52,34
53,23
54,34
55,32
56,23
57,38
58,51
59,28
60,35
61,51
62,31
63,59
64,19
65,31
66,39
67,55
68,47
69,35
70,61
71,26
72,22
73,28
74,64
75,62
76,53
77,28
78,24
79,25
80,35
81,61
82,59
83,39
84,54
85,20
86,58
87,36
88,17
89,46
90,19
91,41
92,15
93,10
94,60
95,40
96,36
97,26
98,47
99,25
100,50
101,31
102,18
103,11
104,65
105,47
106,65
107,61
108,55
109,44
110,58
111,52
112,40
113,64
114,50
115,59
116,30
117,13
118,14
119,44
120,50
121,39
122,29
123,34
124,37
125,18
126,45
127,39
128,31
129,43
130,20
131,51
132,65
133,36
134,31
135,47
136,33
137,27
138,30
139,60
140,49
141,56
142,64
143,29
144,25
145,12
146,36
147,40
148,50
149,60
150,60
151,65
152,18
153,40
154,20
155,15
156,40
157,12
158,43
159,32
160,63
161,34
162,43
163,65
164,59
165,49
166,52
167,45
168,62
169,15
170,24
171,51
172,57
173,55
174,62
175,19
176,23
177,42
178,30
179,37
180,46
